{"cameraMode":{"drawMode":0,"name":"Shaded","section":"Shading Mode"},"sceneLighting":false,"audioPlay":false,"sceneViewState":{"m_AlwaysRefresh":false,"showFog":true,"showSkybox":false,"showFlares":true,"showImageEffects":true,"showParticleSystems":true,"showVisualEffectGraphs":true,"m_FxEnabled":true},"in2DMode":false,"pivot":{"x":3.0269360542297365,"y":0.9149633049964905,"z":-2.186262369155884},"rotation":{"x":-0.42294323444366457,"y":0.28417688608169558,"z":-0.14161348342895509,"w":-0.8487218022346497},"size":1.4142135381698609,"orthographic":false}